{
  "navigationBarTitleText": "完善信息",
  "usingComponents": {
    "van-button": "/static/vant-weapp/dist/button/index",
    "van-cell": "/static/vant-weapp/dist/cell/index",
    "van-cell-group": "/static/vant-weapp/dist/cell-group/index",
    "van-field": "/static/vant-weapp/dist/field/index",
    "van-panel": "/static/vant-weapp/dist/panel/index",
    "van-row": "/static/vant-weapp/dist/row/index",
    "van-toast": "/static/vant-weapp/dist/toast/index",
    "van-col": "/static/vant-weapp/dist/col/index",
    "van-submit-bar": "/static/vant-weapp/dist/submit-bar/index"
  }
}
